Here following steps before I have thought in mind,,,,,,
,,,,,,
1. Problem Understanding:,,,,,,
The first step is to understand the problem's requirements and constraints. The objective is to develop a solution that can remove specific annotations from the fully annotated image while preserving the underlying information of the original image. The solution should generalize to different types of images and annotations, be efficient, and not distort the partially de-annotated image.,,,,
,,,,,,
2. Image Processing Basics:,,,,,,
Understanding the basics of image processing is crucial. This includes concepts like image representation (RGB, grayscale, etc.), image operations (resizing, thresholding, bitwise operations), and handling image data using libraries like OpenCV and NumPy.
,,,,,,
3. Loading Images:,,,,,,
The solution starts by loading the original and fully annotated images using an image processing library such as OpenCV. It's important to ensure that the paths provided are correct and that the images exist in the specified locations.,,,,,,
,,,,,,
4. Image Alignment:,,,,,,
To perform de-annotation, the fully annotated image needs to be aligned with the original image. This typically involves resizing the fully annotated image to match the original image's dimensions using techniques like cv2.resize().,,,,,
,,,,,,
5. Comparison and Difference Calculation:,,,,,,
Next, the solution calculates the difference between the original and fully annotated images. This is typically done by converting both images to grayscale and then using an operation like cv2.absdiff() to calculate the pixel-wise absolute difference between the two images. The resulting difference image highlights the areas of the image that have been annotated.,,,,,
,,,,,,
6. Thresholding and Masking:,,,,,,
The difference image is thresholded using a chosen threshold value to create a binary mask. The thresholded image determines which pixels are considered significant changes and are likely to be annotations. This is done using an operation like cv2.threshold(). The thresholded image is then used as a mask to retain the original information from the fully annotated image and discard the unwanted annotations.,,,,,,
,,,,,,
7. De-annotation and Preservation:,,,,,,
Using the binary mask, the fully annotated image is masked with the help of bitwise operations (cv2.bitwise_and()) to remove the unwanted annotations. The resulting partially de-annotated image retains the original information while eliminating the specified annotations.,,,,,
,,,,,,
8. Testing and Evaluation:,,,,,,
The solution should be tested using a variety of sample images containing original, fully annotated, and partially annotated images. The results should be evaluated to ensure the solution successfully de-annotates the images without introducing distortions or unwanted artifacts.,,,,
,,,,,,
9. Efficiency and Scalability:,,,,,,
To make the solution efficient and scalable for large datasets, optimizations can be applied. These include parallel processing using multi-threading or distributed computing techniques, optimizing image processing operations, and considering memory management techniques.,,,
,,,,,,
10. Error Handling and Exception Management:,,,,,,
The solution should include error handling mechanisms to handle various scenarios such as incorrect file paths, unsupported image formats, or invalid inputs. Appropriate exceptions should be raised to provide meaningful error messages to the user.,,,,
,,,,,,
11. Documentation and Deployment:,,,,,,
Document the solution by providing clear documentation, including instructions on how to use the code, any dependencies, and examples of usage. Additionally, consider packaging the solution for easy deployment and sharing, using tools like PyPI for Python packages or containerization platforms like Docker.,
,,,,,,
By following these steps and techniques, a solution can be developed to partially de-annotate an image while preserving the underlying information of the original image. It should be efficient, scalable, and applicable to various types of images and annotations.,,,
